price,bedrooms,bathrooms,sqft_living,sqft_lot,floors,waterfront,yr_built
300000,3,1,1380,12000,1,0,1963
350000,5,3,2320,8400,1,0,1963
225000,3,1,1660,7210,1,0,1963
206000,3,1,920,8400,1,0,1963
371500,3,2,1370,8336,1,0,1964
500000,2,1,1280,5400,1,0,1964
345000,3,1,1250,7210,1,0,1964
538200,4,3,1780,7260,1,0,1964
519500,4,2,1540,17859,1,0,1964
199000,3,1,1390,12145,1,0,1964
400000,4,2,1560,8250,1,0,1964
500000,3,1,1800,7200,1,0,1964
280000,3,2,1780,11342,1,0,1964
269950,4,1,1440,9600,1,0,1964
858000,5,3,3620,12778,1,0,1964
354800,3,2,1370,78408,1,0,1964
350000,3,1,1180,7455,1,0,1964
400000,3,2,1350,7216,1,0,1964
333000,3,1,1620,5040,1,0,1964
532000,3,1,2360,5012,1,0,1964
453000,3,2,1430,9583,1,0,1964
485000,3,1,1250,7200,1,0,1964
305000,6,2,1900,8240,1,0,1964
649950,6,2,1900,8240,1,0,1964
215000,3,1,1280,9775,1,0,1964
624800,3,2,2250,14274,1,0,1964
545000,4,2,5461,22880,1,0,1964
295000,4,3,2120,7650,2,0,1964
810000,4,2,2920,10424,1,0,1964
194000,3,1,1400,7955,1,0,1964
415885,3,1,1310,4163,1,0,1964
329000,3,1,1600,5952,1,0,1964
145000,2,1,800,8125,1,0,1964
725000,3,2,1550,12262,1,0,1964
435000,3,2,2360,12744,2,0,1964
295000,4,2,1650,7200,1,0,1964
346000,5,1,1790,30456,1,0,1964
255000,3,1,1430,12420,1,0,1964
277000,4,1,1450,6250,1,0,1964
472500,3,2,1790,6800,1,0,1964
855000,4,3,2590,6250,2,0,1964
570000,3,2,1930,10929,1,0,1964
282500,4,1,1650,9750,1,0,1964
580000,5,2,2290,7125,1,0,1964
399950,5,2,2760,6420,1,0,1964
813500,4,2,2530,15520,1,0,1964
970000,5,3,3480,15185,2,0,1964
765000,5,3,2870,5700,1,0,1964
255950,4,1,1500,11050,1,0,1964
500000,3,1,940,10360,1,0,1964
675000,4,3,2400,3340,1,0,1964
495000,3,2,2660,192099,1,0,1964
604000,4,3,1960,5000,1,0,1965
180000,3,1,1384,8960,1,0,1965
250000,3,2,1440,9220,1,0,1965
399000,5,2,2620,7030,1,0,1965
173000,2,1,820,10450,1,0,1965
354000,3,1,940,10368,1,0,1965
221000,3,1,1250,7280,1,0,1965
152000,3,1,902,10464,1,0,1965
565000,3,3,2110,4000,1,0,1965
335000,3,1,1380,7470,1,0,1965
230000,3,1,1120,7500,1,0,1965
165000,3,1,970,6600,1,0,1965
330000,4,2,1180,7275,1,0,1965
416500,3,1,1100,4184,1,0,1965
627000,3,2,2310,10525,2,0,1965
354000,3,1,1130,11250,1,0,1965
355000,2,1,1450,9150,1,0,1965
650000,2,1,1280,6000,1,0,1965
554820,4,2,3510,12905,1,0,1965
300000,4,2,1580,9600,1,0,1965
255000,3,1,1440,11330,1,0,1965
445000,4,2,1470,8395,1,0,1965
300000,3,2,1550,8300,1,0,1965
530000,3,2,3080,17700,1,0,1965
405000,3,2,1440,7425,1,0,1965
510000,3,2,1410,11995,1,0,1965
197400,3,2,1610,7575,1,0,1965
513000,5,2,2270,8652,1,0,1965
370000,3,1,1170,1105,1,0,1965
447000,3,1,1220,7200,1,0,1965
605000,6,2,2610,9132,1,0,1965
360000,3,1,1160,10988,1,0,1965
600000,5,2,2190,9072,1,0,1965
233000,3,1,1980,8505,1,0,1965
225000,3,1,1250,10200,1,0,1965
475000,4,3,2400,5400,2,0,1965
360000,4,2,2680,18768,1,0,1965
205000,3,1,1230,8750,1,0,1965
287000,3,1,1250,26862,1,0,1965
424000,4,2,2100,4857,2,0,1965
255500,2,1,1440,43560,1,0,1965
210490,3,1,990,8528,1,0,1966
342000,3,2,1930,11947,1,0,1966
196500,3,1,1320,9000,1,0,1966
225000,4,2,2220,14120,1,0,1966
240000,3,1,1260,7920,1,0,1966
176250,4,2,1440,6702,1,0,1966
550000,4,2,1660,12377,1,0,1966
295450,3,2,2030,17120,1,0,1966
207500,3,1,1170,8816,1,0,1966
222000,3,1,990,8840,1,0,1966
576750,3,2,2220,5000,1,0,1966
335000,3,1,980,9903,1,0,1966
346150,3,2,2140,7200,1,0,1966
530000,4,2,2150,14161,1,0,1966
190000,3,1,1180,8775,1,0,1966
325000,3,1,1600,7500,1,0,1966
658000,3,1,1290,12005,1,0,1966
395000,3,2,1590,10229,1,0,1966
154950,4,1,1600,10183,1,0,1966
415000,6,2,2500,5200,1,0,1966
217000,3,1,1110,9827,1,0,1966
225000,3,1,990,8012,1,0,1966
295000,3,2,1380,8682,1,0,1966
710000,4,3,2750,7500,1,0,1966
525000,4,2,2680,14157,1,0,1966
200000,4,1,1350,11507,1,0,1966
250000,3,2,1900,6660,1,0,1966
170000,4,1,1920,13787,1,0,1966
230000,3,1,1640,7187,1,0,1966
585888,3,2,1490,7431,1,0,1966
550388,3,3,1720,70567,1,0,1966
260750,3,2,1560,9635,1,0,1966
246600,4,1,1340,8400,1,0,1966
326000,6,3,1880,7200,1,0,1966
315500,3,1,1160,10500,1,0,1966
325000,3,1,1160,11799,1,0,1966
185000,4,1,1760,8906,1,0,1966
365000,4,1,1760,8906,1,0,1966
325000,4,2,1870,7700,1,0,1966
420000,3,1,1060,7638,1,0,1966
221000,3,1,910,8789,1,0,1966
242000,4,1,2240,7620,1,0,1966
225000,3,1,1290,8470,1,0,1966
280000,5,2,2110,7919,1,0,1966
240000,2,1,1320,24319,1,0,1966
348580,3,1,1220,7876,1,0,1966
235000,3,1,2230,8163,1,0,1966
383000,4,2,1830,21183,1,0,1966
342500,3,1,940,10500,1,0,1966
160000,3,1,880,8976,1,0,1966
324450,3,2,1420,16000,1,0,1966
349950,3,1,1060,9525,1,0,1966
150000,3,1,1010,25000,1,0,1966
650000,4,2,1610,8976,1,0,1966
199000,3,1,1510,9100,1,0,1966
517000,4,1,1650,8250,1,0,1966
360000,3,1,1120,10500,1,0,1966
312000,4,2,1890,8362,1,0,1966
568000,4,2,2340,50233,1,0,1966
526000,4,2,1610,8000,1,0,1966
192500,3,1,1100,9750,1,0,1966
215000,3,1,1180,7669,1,0,1967
210000,3,1,1700,11390,1,0,1967
396000,3,1,1500,12616,1,0,1967
305000,3,1,1160,9750,1,0,1967
305000,3,1,1250,23680,1,0,1967
270000,3,2,1560,8853,1,0,1967
980000,4,3,3680,5854,1,0,1967
269000,3,1,1690,4250,1,0,1967
460000,3,3,1520,7500,1,0,1967
533000,3,1,1670,4080,1,0,1967
255000,3,1,1180,13650,1,0,1967
432000,4,1,1750,12528,1,0,1967
290000,3,1,1440,11250,1,0,1967
205000,4,2,1450,8175,1,0,1967
208000,3,1,1020,6120,1,0,1967
230000,4,2,1440,10800,1,0,1967
355000,3,1,940,8512,1,0,1967
525000,3,2,1600,16530,1,0,1967
872000,4,4,3770,9750,1,0,1967
190000,3,1,1090,8520,1,0,1967
310000,3,1,990,7050,1,0,1967
350500,2,1,1450,6380,1,0,1967
210000,3,1,1030,4583,1,0,1967
425000,4,2,1520,7983,1,0,1967
195000,3,1,1070,22489,1,0,1967
201700,3,1,1010,9576,1,0,1967
314950,3,1,1590,8470,1,0,1967
246700,3,2,1610,13309,1,0,1967
514000,3,2,1770,7200,1,0,1967
369950,3,1,1110,7603,1,0,1967
219000,3,1,970,7790,1,0,1967
710000,3,2,1780,9732,1,0,1967
294700,3,2,1970,9600,1,0,1967
215000,4,2,1470,7000,1,0,1967
304000,4,2,1810,8750,1,0,1967
230000,3,1,1140,9639,1,0,1967
235000,3,1,1330,45738,2,0,1967
407450,3,2,1810,10860,1,0,1967
480000,3,2,1460,7860,1,0,1967
215000,3,1,960,9563,1,0,1967
319000,3,2,1640,9234,1,0,1967
350000,3,1,1010,7680,1,0,1967
519900,4,2,1820,9350,1,0,1967
258000,4,3,2710,7199,1,0,1967
239000,3,1,1200,7810,1,0,1967
219900,3,1,970,7742,1,0,1967
200000,3,1,1050,5000,1,0,1967
415000,4,2,1610,9600,1,0,1967
610000,4,3,2450,10117,1,0,1967
204700,4,2,1670,9987,1,0,1967
250000,3,1,1520,7800,1,0,1967
209950,3,1,970,9583,1,0,1967
350000,3,1,2010,6000,1,0,1967
380000,3,1,1160,9375,1,0,1967
255000,3,1,1140,8528,1,0,1967
251000,3,2,1300,8400,1,0,1967
612500,4,2,1690,35346,1,0,1967
300000,3,1,2120,7735,1,0,1967
315000,3,2,1500,7828,1,0,1967
400000,3,2,1760,6875,1,0,1967
465000,3,2,1560,8640,1,0,1967
245000,4,2,1580,8000,1,0,1967
132500,3,1,1080,10500,1,0,1967
335000,3,2,1490,8847,1,0,1967
230000,3,1,1020,12289,1,0,1967
599950,5,3,2600,13674,1,0,1967
326250,3,1,1060,9663,1,0,1967
375000,3,1,980,7296,1,0,1967
300000,4,2,2050,8750,1,0,1967
267500,3,1,1090,22080,1,0,1967
234950,4,2,1450,7560,1,0,1967
175000,3,1,1070,6164,1,0,1967
250000,4,2,1470,7412,1,0,1967
230000,3,1,880,9035,1,0,1967
175000,3,1,1480,8415,1,0,1967
335000,3,1,1060,10050,1,0,1967
129000,1,1,650,15364,1,0,1967
230000,5,1,1410,9000,1,0,1967
165000,3,1,970,7503,1,0,1967
450000,4,3,1890,13140,1,0,1967
297950,3,2,1240,10800,1,0,1967
206000,3,1,1320,7000,1,0,1967
330000,3,1,1160,9600,1,0,1967
229500,3,1,1230,6000,1,0,1967
330000,4,2,1590,9100,1,0,1967
275000,3,2,1540,10410,1,0,1967
268000,4,2,1930,6600,1,0,1967
205000,3,1,1180,8240,1,0,1967
450000,3,2,1680,11250,1,0,1967
218250,3,1,1270,7344,1,0,1967
225000,3,1,1250,7820,1,0,1967
215000,3,1,1200,7280,1,0,1967
215000,2,1,1240,7200,1,0,1967
204000,3,1,1000,12070,1,0,1968
940000,4,2,2490,9525,2,0,1968
226000,3,1,970,5000,1,0,1968
718000,5,3,3070,9804,1,0,1968
235000,3,1,1170,11100,1,0,1968
389000,3,1,1280,9630,1,0,1968
830000,5,3,3040,9601,1,0,1968
150000,3,1,1250,7210,1,0,1968
133000,3,1,980,9115,1,0,1968
322000,3,1,1230,9660,1,0,1968
380000,6,2,1870,6969,1,0,1968
290000,4,2,1660,4788,1,0,1968
169575,3,1,1300,8284,1,0,1968
250000,3,1,1300,8284,1,0,1968
190000,3,1,910,10575,1,0,1968
254600,3,2,1470,20000,1,0,1968
485000,5,2,1910,5508,1,0,1968
830000,4,3,2020,6000,1,0,1968
555000,3,2,2240,11250,1,0,1968
207500,3,1,1640,9750,1,0,1968
222000,3,2,1200,6074,1,0,1968
213500,3,1,1220,6000,1,0,1968
439000,4,2,1560,7500,1,0,1968
326500,3,1,1060,7920,1,0,1968
210000,4,1,1200,43560,1,0,1968
340000,3,1,670,23522,1,0,1968
322500,3,1,1160,9750,1,0,1968
406430,3,2,1380,15426,1,0,1968
241500,3,1,1400,10425,1,0,1968
227500,3,1,1150,8848,1,0,1968
335000,3,1,950,8000,1,0,1968
625700,3,2,2570,159865,1,0,1968
554000,2,1,820,3700,1,0,1968
229900,3,1,1010,8848,1,0,1968
560000,3,2,1840,14985,1,0,1968
248000,3,1,1180,6947,1,0,1968
234000,3,1,1010,8906,1,0,1968
253000,3,1,1400,9750,1,0,1968
198000,3,1,860,5185,1,0,1968
225000,3,2,1460,7740,1,0,1968
510000,3,2,1850,9600,1,0,1968
395000,4,1,1980,10350,1,0,1968
237000,3,2,1710,7920,1,0,1968
860000,3,2,1880,8494,1,0,1968
305000,3,1,1160,11776,1,0,1968
450000,4,3,2200,4466,2,0,1968
347000,3,1,1010,7200,1,0,1968
249000,3,1,1000,19204,1,0,1968
290000,3,1,960,4560,1,0,1968
333760,3,1,1300,5880,1,0,1968
708000,5,2,3180,10800,1,0,1968
226500,3,2,1560,7000,1,0,1968
148226,3,1,1400,7360,1,0,1968
313000,3,1,1510,10369,1,0,1968
205000,3,1,1010,8800,1,0,1968
213950,3,1,1430,7000,1,0,1968
375000,3,2,1670,13775,1,0,1968
215000,3,1,1190,7500,1,0,1968
233000,4,2,2130,9579,1,0,1968
815000,3,2,2270,11989,1,0,1968
410000,3,2,1270,10227,1,0,1968
206000,3,1,1320,9239,1,0,1968
335500,5,3,2240,19090,1,0,1968
172000,3,1,1340,10260,1,0,1968
184000,3,1,970,14850,1,0,1968
309500,3,1,1250,7320,1,0,1968
498000,3,2,1620,8400,1,0,1968
320000,3,2,1250,8636,1,0,1968
300000,3,1,1260,5000,1,0,1968
529950,3,2,1540,8400,1,0,1968
450000,3,1,1540,9028,1,0,1968
325000,3,1,1160,9525,1,0,1968
240000,3,2,1460,7526,1,0,1968
368000,3,1,1280,9898,1,0,1968
450000,3,1,1290,47044,1,0,1968
305000,2,1,2160,12960,1,0,1968
675000,5,3,3410,9600,1,0,1968
314950,3,1,1040,16986,1,0,1968
309000,4,2,2240,9240,1,0,1968
294950,3,1,1160,8950,1,0,1968
210000,2,1,970,8874,1,0,1968
421000,3,2,1420,12655,1,0,1968
175000,2,1,1410,7000,1,0,1968
335000,2,1,1410,7000,1,0,1968
268300,3,1,1190,9000,1,0,1968
650000,6,3,2960,5000,1,0,1968
229900,3,1,1440,11925,1,0,1968
315000,3,1,1160,9180,1,0,1968
249500,3,1,1180,7200,1,0,1968
360000,4,2,1630,10375,1,0,1968
400000,4,2,2060,3060,2,0,1968
355500,5,2,2360,19899,1,0,1968
367000,3,1,810,7000,1,0,1968
305000,4,1,2100,9288,1,0,1968
420000,3,1,1240,7300,1,0,1968
275000,3,1,990,9798,1,0,1968
499900,4,3,2180,12196,2,0,1968
347000,3,1,940,9198,1,0,1968
269500,2,1,1140,74052,1,0,1968
447000,3,1,1270,8800,1,0,1968
592500,4,3,2170,8240,1,0,1968
253400,3,2,1400,8640,1,0,1968
382880,3,2,1620,9566,1,0,1968
252000,3,1,1170,9730,1,0,1968
319000,3,1,1390,12823,1,0,1968
280000,3,1,1310,22652,1,0,1968
455000,4,2,2120,9442,1,0,1968
270000,3,1,1500,13500,1,0,1968
110000,2,1,828,4524,1,0,1968
230000,3,1,1250,9774,1,0,1969
240000,4,1,1220,8075,1,0,1969
478500,3,1,2090,4755,1,0,1969
215000,4,1,1130,7400,1,0,1969
254000,3,2,2070,9000,1,0,1969
399950,3,1,1020,18050,1,0,1969
385000,4,2,1850,11700,1,0,1969
180000,3,1,870,5330,1,0,1969
150000,3,1,1240,5200,1,0,1969
225000,3,1,1200,9936,1,0,1969
360000,4,2,1850,8827,1,0,1969
143000,3,1,1090,3315,1,0,1969
315500,3,1,1300,12600,1,0,1969
240000,3,1,1470,7350,1,0,1969
209000,2,1,840,5265,1,0,1969
210000,3,1,1230,12201,1,0,1969
203000,3,1,840,6500,1,0,1969
340000,3,1,3180,27586,1,0,1969
419000,4,2,2180,10447,1,0,1969
265000,3,1,1000,9150,1,0,1969
339888,3,1,1040,7490,1,0,1969
192950,3,1,1170,3330,2,0,1969
220000,4,2,1400,7140,1,0,1969
186000,3,1,1200,10080,1,0,1969
195000,3,1,1070,7615,1,0,1969
169000,3,1,910,7686,1,0,1969
199990,3,1,840,5200,1,0,1969
179000,3,1,920,5200,1,0,1969
310000,5,2,2900,11970,2,0,1969
216500,2,1,1060,5200,1,0,1969
89000,3,1,900,4750,1,0,1969
455000,5,2,1870,13970,1,0,1969
178000,3,1,840,6500,1,0,1969
176000,2,1,770,5200,1,0,1969
149000,3,1,1090,2800,1,0,1969
260656,3,1,1620,13803,1,0,1969
339900,3,1,1200,9087,1,0,1969
258000,3,1,1490,7435,1,0,1969
152000,3,1,1090,3264,1,0,1969
330000,3,1,1250,9126,1,0,1969
306000,3,1,1450,7200,1,0,1969
189000,3,1,860,5200,1,0,1969
279000,4,2,1980,10051,1,0,1969
367500,3,1,1270,8792,1,0,1969
386000,3,2,1330,8100,1,0,1969
320000,3,1,1120,10576,1,0,1969
260000,3,2,1920,8075,1,0,1969
220000,3,1,1230,9720,1,0,1969
308000,2,1,1680,9250,1,0,1969
201000,3,1,980,9682,1,0,1969
306000,3,2,1160,7217,1,0,1969
202000,3,1,1010,9750,1,0,1969
128000,2,1,980,5393,1,0,1969
350000,3,1,1250,9786,1,0,1969
180000,3,1,1280,4875,1,0,1969
525000,3,2,1620,7800,1,0,1969
209000,3,1,920,5200,1,0,1969
201000,3,1,1460,9750,1,0,1969
215000,3,1,1160,10384,1,0,1969
432000,3,2,1870,7080,1,0,1969
535000,4,2,1970,3515,1,0,1969
385000,6,4,2700,7416,1,0,1969
422500,3,1,1270,8920,1,0,1969
399950,4,3,2150,64694,1,0,1969
335000,4,2,2030,103672,1,0,1969
215150,3,1,920,4770,1,0,1969
146000,3,1,900,4770,1,0,1969
360000,6,2,2210,9870,2,0,1969
307500,3,1,980,6530,1,0,1969
191000,3,1,840,5525,1,0,1969
225500,3,1,1100,5200,1,0,1969
330000,3,1,1070,10563,1,0,1969
372000,3,1,2298,10140,1,0,1969
202950,2,1,1060,5144,1,0,1969
275000,3,1,1000,8018,1,0,1969
325000,2,1,1050,4800,1,0,1969
350000,3,1,2480,8906,1,0,1969
199950,3,1,1010,7245,1,0,1969
168500,3,1,1100,10125,1,0,1969
280000,3,1,1720,9605,1,0,1969
326000,3,1,1030,9834,1,0,1969
177000,3,1,870,5200,1,0,1969
402000,3,2,1720,7704,1,0,1969
128000,3,1,1400,9690,1,0,1969
265000,3,1,1010,14948,1,0,1969
435000,3,2,1270,10713,1,0,1969
330000,3,1,910,10240,1,0,1969
436000,5,3,2720,9856,2,0,1969
475000,4,3,2410,8284,1,0,1969
400000,3,1,1180,7537,1,0,1969
215000,3,1,1690,7700,1,0,1969
185000,2,1,1390,11340,1,0,1969
255000,3,1,1170,7395,1,0,1969
437500,3,1,1630,16393,1,0,1969
397000,3,2,1100,9165,1,0,1969
152500,3,1,1090,3523,1,0,1969
189950,3,1,920,6460,1,0,1969
270000,3,1,1010,9514,1,0,1969
179950,3,1,920,4875,1,0,1969
183000,3,1,870,5200,1,0,1969
390000,3,2,1930,12443,1,0,1969
957000,4,3,2370,3836,2,0,1969
217000,3,1,870,5200,1,0,1969
160000,4,1,1540,7350,1,0,1969
270000,3,2,1690,9583,1,0,1969
301500,3,1,1410,7419,1,0,1969
330000,3,1,960,7218,1,0,1969
405000,3,2,1450,6081,1,0,1969
465000,3,2,1560,8509,1,0,1969
515000,4,3,1820,8261,1,0,1969
90000,3,1,980,2490,2,0,1969
225000,3,2,1100,5200,1,0,1969
299000,3,1,1040,9514,1,0,1969
400000,3,1,1060,12690,1,0,1969
374500,3,1,960,9531,1,0,1969
205000,3,1,1370,10708,1,0,1969
351000,4,1,1430,8400,1,0,1969
344000,3,1,1150,12402,1,0,1969
185000,4,1,1490,6600,1,0,1969
345000,3,1,1250,17380,1,0,1970
326500,3,1,1810,12375,2,0,1970
750000,2,2,2370,155130,1,0,1970
670000,6,3,4050,36171,2,0,1970
215000,3,1,970,7275,1,0,1970
490000,3,2,2370,12196,2,0,1970
290000,3,2,1810,11456,1,0,1970
232000,3,1,840,6540,1,0,1970
410000,4,1,1140,7208,1,0,1970
329000,3,1,900,9600,1,0,1970
203000,3,1,920,7500,1,0,1970
235000,3,2,1530,8700,1,0,1970
243000,3,1,1500,6600,1,0,1970
245000,3,2,1850,8208,1,0,1970
920000,6,3,3300,4218,2,0,1970
137124,3,1,960,27442,1,0,1970
200000,3,1,1150,10132,1,0,1970
169950,3,1,1180,9832,1,0,1970
259875,3,1,1250,21303,1,0,1970
385000,3,1,1250,21303,1,0,1970
355000,3,1,1200,16000,1,0,1970
215000,3,1,1180,9000,1,0,1970
775000,5,2,3540,9970,2,0,1970
417400,3,3,2680,12285,1,0,1970
230000,3,1,1250,9035,1,0,1970
105000,3,1,880,18109,1,0,1970
325000,3,1,1150,7486,1,0,1970
174950,3,1,1060,5200,1,0,1970
335000,3,1,990,6315,1,0,1970
825000,4,3,2910,8027,1,0,1970
205000,4,1,1340,7920,1,0,1970
318000,3,1,1250,20040,1,0,1970
240000,3,2,1030,11118,1,0,1970
350000,3,1,1150,12877,1,0,1970
315000,3,2,1220,14645,1,0,1970
454000,3,1,1970,22144,1,0,1970
393000,5,2,1820,5054,1,0,1970
205950,3,1,970,11963,1,0,1970
320000,3,1,1260,9600,1,0,1970
356000,3,1,920,3863,1,0,1970
397000,4,2,1440,7680,1,0,1971
204000,3,1,1040,7405,1,0,1971
175000,3,1,1250,9775,1,0,1971
194000,3,1,1070,6440,1,0,1971
234000,3,1,1040,8122,1,0,1971
320000,2,1,900,7620,1,0,1971
320000,3,1,1330,9540,1,0,1971
278500,4,1,1540,8400,1,0,1971
415000,3,1,1360,73616,1,0,1971
385000,3,1,1070,4000,1,0,1971
219950,3,1,1300,9620,1,0,1971
350000,3,1,1300,10236,1,0,1971
540000,2,1,1120,7500,1,0,1971
460000,4,2,1960,190357,1,0,1971
354900,3,1,1720,16552,1,0,1971
730000,5,3,2500,11779,1,0,1971
305000,3,1,910,8008,1,0,1971
516000,3,3,2330,7304,1,0,1971
510000,3,2,1990,7405,1,0,1971
310000,4,1,1030,5750,1,0,1971
350000,4,2,1720,7210,1,0,1971
560000,3,2,2340,3477,1,0,1971
315000,3,2,1660,11135,1,0,1971
374000,3,1,1200,9800,1,0,1971
765000,3,2,1570,7000,2,0,1971
244000,3,1,910,5250,1,0,1971
547000,5,3,2200,103237,1,0,1971
275000,3,2,1380,3500,2,0,1971
290000,3,1,910,7620,1,0,1971
380500,3,1,1410,7854,1,0,1971
455000,3,2,1640,9825,1,0,1971
182500,3,1,910,7194,1,0,1971
300000,3,1,910,7700,1,0,1971
185000,3,1,1010,6400,1,0,1971
319000,3,1,960,8556,1,0,1971
227000,4,1,1120,8763,1,0,1971
216500,3,1,1020,11652,1,0,1971
240000,3,1,1600,12566,1,0,1971
325000,3,2,1260,5612,1,0,1972
505000,3,2,1260,5460,1,0,1972
397500,3,2,1510,6710,1,0,1972
288349,3,1,1250,18616,1,0,1972
270000,3,1,1240,14110,1,0,1972
245000,3,2,1450,9333,2,0,1972
343000,3,1,1120,7250,1,0,1972
443500,3,2,1920,7598,1,0,1972
368000,4,2,2500,36900,1,0,1972
310000,3,1,1990,7173,1,0,1972
900000,5,3,4350,37169,2,0,1972
320000,3,2,1820,17600,1,0,1972
299950,3,1,1030,9916,1,0,1972
435000,4,2,1650,4745,1,0,1972
489000,3,2,1510,3000,1,0,1972
242000,3,1,970,9600,1,0,1972
570000,4,2,1790,7800,1,0,1972
265000,4,2,1600,10160,1,0,1972
599000,4,2,3410,15143,2,0,1972
332500,4,2,1440,4855,2,0,1972
215000,3,1,1010,10125,1,0,1972
725000,6,3,2480,12000,2,0,1972
330000,3,1,1040,11900,1,0,1972
275000,4,2,1960,30480,1,0,1972
500000,4,2,2100,12620,1,0,1972
290000,3,1,1010,10800,1,0,1972
195000,2,1,1080,3899,1,0,1972
329000,4,1,1120,3844,1,0,1972
495000,3,2,1460,9759,1,0,1972
251000,4,2,1650,5974,1,0,1972
255000,3,1,1710,12000,1,0,1972
635000,4,3,2100,3800,2,0,1972
222500,3,1,990,10125,1,0,1972
550000,3,1,960,12527,1,0,1972
201000,3,1,1220,22443,1,0,1972
255000,3,1,1250,9472,1,0,1972
390000,3,2,1840,16815,1,0,1972
375000,3,1,1310,8400,1,0,1972
436000,4,2,1600,15044,1,0,1972
172500,3,1,1140,8800,1,0,1972
339300,3,2,970,10000,1,0,1972
304000,3,1,900,7500,1,0,1972
340000,4,1,1200,11834,1,1,1972
424000,3,2,1670,7700,1,0,1972
162950,2,1,950,2784,1,0,1972
386100,3,2,1270,6760,1,0,1972
665000,6,3,2480,9720,2,0,1972
344950,3,1,1090,6712,1,0,1972
345000,3,1,960,3844,1,0,1972
849950,3,3,2990,9773,2,0,1973
241000,3,1,1010,9611,1,0,1973
220000,3,1,1660,21514,1,0,1973
524000,4,1,1980,7015,1,0,1973
434000,4,3,2010,8171,2,0,1973
430000,3,2,1510,7066,1,0,1973
895000,5,3,2876,13927,1,0,1973
589950,5,3,2790,19439,1,0,1973
253000,4,2,1910,7826,1,0,1973
250000,3,1,930,6060,1,0,1973
275000,3,1,1230,171190,1,0,1973
295000,4,2,1810,42981,1,0,1973
650100,2,1,1750,60872,1,0,1973
90000,2,1,790,2640,1,0,1973
545000,3,2,1900,9975,1,0,1973
310000,3,1,1010,9945,1,0,1973
285000,3,1,1090,8640,1,0,1973
350000,3,1,860,7030,1,0,1973
182500,2,1,1040,13920,1,0,1973
670000,5,3,2520,13001,2,0,1973
233000,3,2,1400,9177,1,0,1974
299000,3,1,1510,142803,1,0,1974
550000,4,3,2760,13113,1,0,1974
200000,4,2,2090,6630,1,0,1974
318500,4,2,1780,7350,1,0,1974
665000,3,2,1740,41275,1,0,1974
305000,4,2,1800,13551,1,0,1974
255000,2,2,1360,5433,1,0,1974
595000,4,2,3090,87120,1,0,1974
305100,3,2,1590,35988,1,0,1974
225000,4,2,1750,7245,1,0,1974
245000,3,2,1470,8000,1,0,1974
500000,3,1,1440,54315,1,0,1974
280000,4,1,1880,6288,1,0,1974
470000,4,2,2410,4680,2,0,1974
360500,3,1,970,6180,1,0,1974
510000,4,2,2990,102366,1,0,1974
234950,3,2,1510,9153,1,0,1974
290000,4,3,2390,4500,2,0,1974
260000,4,2,1480,8625,1,0,1974
325000,2,1,1400,10800,1,0,1974
760000,4,3,2840,13554,1,0,1974
324950,3,2,1340,9750,1,0,1974
399000,3,1,1340,7191,1,0,1974
382000,2,2,1350,2560,1,0,1974
270000,3,1,1010,14510,1,0,1974
420000,3,2,2020,38332,1,0,1975
795000,3,2,2920,13650,1,0,1975
850000,4,3,2720,183823,2,0,1975
475000,3,1,1250,150117,1,0,1975
260000,4,2,1620,7992,2,0,1975
562000,3,3,3290,80471,2,0,1975
405000,3,1,1250,7280,1,0,1975
340000,3,1,1010,7500,1,0,1975
285000,2,1,1010,7200,1,0,1975
200000,4,2,1900,8160,1,0,1975
455500,3,2,1460,10311,1,0,1975
251750,3,2,1320,7200,1,0,1975
440000,3,1,1250,8412,1,0,1975
286500,3,2,1840,8140,1,0,1975
195000,3,1,1300,9600,1,0,1975
185000,3,1,1510,17040,1,0,1975
162000,4,1,1460,16638,1,0,1975
234000,4,2,1710,7455,1,0,1975
234000,4,2,1630,9010,1,0,1975
375000,3,1,1610,11250,1,0,1975
315000,3,1,1010,7500,1,0,1975
146300,3,1,1200,9668,1,0,1975
460000,2,1,850,4650,1,0,1975
608000,3,2,2400,217800,2,0,1975
183500,3,1,1010,7520,1,0,1975
295000,4,2,1710,8814,1,0,1975
745000,5,4,4720,493534,2,0,1975
250000,3,1,1640,26127,2,0,1975
416000,3,2,2220,94300,1,0,1976
250000,4,2,2010,7312,1,0,1976
232000,3,1,1400,10403,1,0,1976
323000,3,1,1290,12231,1,0,1976
610000,3,3,2480,45302,1,0,1976
920000,4,3,3750,11025,2,0,1976
335000,2,2,1350,2560,1,0,1976
215000,3,1,1610,7140,1,0,1976
290000,2,1,1120,217800,1,0,1976
560000,4,2,2720,8819,2,0,1976
175000,1,1,620,8685,1,0,1976
205000,3,1,1290,6566,1,0,1976
970000,4,3,3510,12410,2,0,1976
565000,3,3,1850,12556,2,0,1976
224000,4,3,2300,7609,2,0,1976
790000,4,3,3180,12070,2,0,1976
365000,3,1,1380,30940,2,0,1976
195700,3,1,1120,5200,1,0,1976
373000,3,1,1290,8974,1,0,1976
325000,4,2,1780,10622,1,0,1976
532000,5,3,3480,57499,1,0,1976
548500,4,2,1820,7200,1,0,1976
209000,3,1,1330,6900,1,0,1976
170000,2,1,1200,24792,2,0,1976
206990,3,1,1330,9620,1,0,1976
280000,4,2,1710,5440,1,0,1976
310000,4,3,2320,7200,2,0,1976
585000,6,3,3870,43787,2,0,1976
660000,3,3,2470,11900,2,0,1976
625000,4,3,2530,5625,1,0,1976
627000,4,2,2030,9300,1,0,1976
180500,2,1,850,5000,1,0,1976
650000,3,2,2660,257875,1,0,1976
250000,3,2,1560,32137,1,0,1976
254999,3,1,1580,7560,1,0,1976
324950,3,1,1240,7500,1,0,1976
205000,3,1,1120,8342,1,0,1976
369950,3,1,2430,10720,1,0,1977
535000,3,1,1330,40259,1,0,1977
317000,3,2,1760,11410,1,0,1977
371025,3,2,1530,8925,1,0,1977
316000,3,1,1010,7838,1,0,1977
391000,3,2,1490,9000,1,0,1977
190000,4,2,1580,6250,1,0,1977
723000,4,2,2790,8793,1,0,1977
245000,4,2,1870,8750,1,0,1977
260000,2,1,1270,19602,1,0,1977
895000,4,3,3500,13444,2,0,1977
347500,3,1,1830,12036,1,0,1977
865000,5,3,2900,6730,1,0,1977
282000,3,1,1670,5200,1,0,1977
790000,4,3,3120,157875,2,0,1977
851500,3,2,3200,18184,1,0,1977
422500,3,2,1960,6450,1,0,1977
212500,3,1,920,14400,1,0,1977
235000,3,2,1900,7980,1,0,1977
224975,3,1,960,12745,1,0,1977
785000,4,3,3370,100681,1,0,1977
257500,4,2,2060,6400,1,0,1977
440000,3,2,1650,6408,2,0,1977
168000,3,1,1200,7210,1,0,1977
480000,3,2,1580,7400,1,0,1977
425000,4,2,1490,5300,1,0,1977
217000,3,2,1690,6750,1,0,1977
255000,2,1,960,20954,1,0,1977
395000,4,2,1980,15354,1,0,1977
210000,3,1,1200,7200,1,0,1977
615000,3,1,1120,12500,1,0,1977
659000,4,2,2350,9329,2,0,1977
280000,4,2,2190,14439,1,0,1977
420000,3,2,1640,9972,1,0,1977
360000,4,2,1650,7552,1,0,1977
450000,2,2,1610,6160,2,0,1977
374950,4,3,2540,8800,1,0,1977
335000,3,1,1120,9075,1,0,1977
456000,4,1,1700,7689,1,0,1977
400000,6,3,3320,15600,1,0,1977
405000,3,1,1280,11625,1,0,1977
436500,5,3,3110,12429,1,0,1977
522500,4,3,2370,8154,1,0,1977
403000,3,1,1500,10730,1,0,1977
355000,3,1,1180,7573,1,0,1977
975000,5,4,4850,36450,2,0,1977
325000,3,1,1300,9300,1,0,1977
299500,3,1,1380,10875,1,0,1977
486000,4,3,2260,7336,2,0,1977
312000,3,2,2440,13250,1,0,1977
164000,4,1,1530,4875,2,0,1977
225205,3,1,1200,7220,1,0,1977
740000,4,2,2800,8540,1,0,1977
835000,3,3,2790,12523,2,1,1977
366000,3,2,1350,10200,1,0,1977
229999,4,2,1670,5200,1,0,1977
220000,3,1,820,5200,1,0,1977
230000,3,2,1710,5200,1,0,1977
179000,2,1,990,8760,1,0,1977
250000,3,2,1500,5200,1,0,1977
325000,6,3,2650,12870,1,0,1977
234950,3,1,1360,9948,1,0,1977
247500,4,2,1710,5200,1,0,1977
350000,3,1,950,9451,1,0,1977
379950,3,1,1270,6900,1,0,1977
470000,4,2,2180,17180,2,0,1977
326188,3,1,1300,8800,1,0,1977
231000,3,2,1640,4875,1,0,1977
254950,4,2,2180,8800,1,0,1977
179900,3,1,1010,9920,1,0,1977
300000,3,3,2850,9375,1,0,1977
811000,3,3,2470,7410,2,0,1977
260000,6,2,2220,8797,1,0,1977
434900,3,2,1520,5040,2,0,1977
260000,3,2,1810,7209,1,0,1978
460000,4,3,2230,108900,1,0,1978
390000,3,2,1910,11576,1,0,1978
500000,4,2,2760,27631,2,0,1978
100000,2,1,770,17334,1,0,1978
206135,3,1,1340,11070,1,0,1978
367500,3,1,1660,11783,1,0,1978
250000,4,2,1960,7560,1,0,1978
510000,3,2,1600,4510,1,0,1978
500000,3,2,3040,41072,1,0,1978
196000,3,1,880,19600,1,0,1978
505000,4,3,2280,7400,1,0,1978
570000,4,2,2000,46902,2,0,1978
367777,5,3,2140,5937,1,0,1978
255000,3,2,930,11475,1,0,1978
562000,3,2,3250,50529,2,0,1978
303000,2,1,1020,9200,1,0,1978
215000,4,2,1540,7575,1,0,1978
250000,4,2,1850,7560,1,0,1978
350000,3,3,3200,35782,1,0,1978
855000,4,3,3090,35074,2,0,1978
152000,3,1,920,4875,1,0,1978
430000,3,2,1730,9000,1,0,1978
320000,3,2,1110,10500,1,0,1978
518000,4,3,2430,11670,1,0,1978
500000,3,1,2000,21780,1,0,1978
118000,1,1,670,7957,1,0,1978
139000,3,1,1100,17334,1,0,1978
245000,3,1,1020,8625,1,0,1978
240000,3,1,1310,7125,1,0,1978
685000,4,2,2260,10800,1,0,1978
178500,2,1,930,3447,1,0,1978
278000,3,1,1230,9440,1,0,1978
411000,4,2,2370,76665,2,0,1978
399950,3,1,1040,9600,1,0,1978
399000,3,2,1940,16300,1,0,1978
385000,4,3,2120,13000,2,0,1978
230000,3,1,880,7500,1,0,1978
590000,3,1,1610,58370,1,0,1978
379500,2,1,1640,17335,1,0,1978
418500,3,2,1800,12440,1,0,1978
210000,2,1,1520,4700,2,0,1978
240000,3,1,1340,7000,1,0,1978
228950,4,3,2160,5200,1,0,1978
855000,3,2,3120,9400,1,0,1978
295000,4,2,980,10640,1,0,1978
255000,3,2,1290,13282,1,0,1978
423500,3,2,2000,10490,1,0,1978
124740,3,1,1340,15600,1,0,1978
475000,3,3,2540,18900,1,0,1978
407193,4,2,1880,14653,2,0,1978
253000,3,1,1580,8240,1,0,1978
830000,6,3,2530,9000,1,0,1978
206000,4,2,1700,6025,1,0,1978
133400,3,1,900,2550,1,0,1978
650000,4,3,2950,5000,2,0,1979
255000,3,1,1230,10170,1,0,1979
252350,3,2,1650,7352,1,0,1979
300000,3,2,1480,6698,1,0,1979
360000,3,2,1970,79714,1,0,1979
300000,3,1,1010,10168,1,0,1979
232500,3,2,1370,9760,1,0,1979
739000,5,4,4660,9900,2,0,1979
485000,4,3,2340,7048,1,0,1979
225000,3,2,2030,24829,1,0,1979
865000,5,3,2830,8854,1,0,1979
335000,6,2,2020,7071,1,0,1979
150000,3,1,1320,24684,1,0,1979
215000,3,1,1260,7897,1,0,1979
805000,4,3,3350,23781,1,0,1979
555000,3,3,3760,188760,1,0,1979
225000,3,2,1400,7384,1,0,1979
295000,3,2,1400,7384,1,0,1979
196500,3,2,1310,7000,1,0,1979
850000,4,2,3380,90968,1,0,1979
597500,4,3,1890,35280,1,0,1979
795000,3,2,2420,17859,1,0,1979
459950,4,2,2760,21465,1,0,1979
279000,4,2,2200,7700,1,0,1979
460000,3,2,1600,7350,1,0,1979
245000,3,2,1690,6790,1,0,1979
515000,3,2,1810,2738,2,0,1979
174000,2,1,900,13531,1,0,1979
320000,5,3,2970,7000,1,0,1979
565000,3,2,2290,9450,1,0,1979
414500,3,1,1350,9450,1,0,1979
435000,4,3,2270,7245,1,0,1979
572500,3,2,2290,11200,2,0,1979
500000,4,3,3720,15048,3,0,1979
825000,3,3,3730,35900,1,0,1979
323000,3,2,1830,6925,1,0,1979
243500,4,2,1610,6200,1,0,1979
299900,3,1,1110,8593,1,0,1979
353250,2,1,1060,1600,2,0,1979
685000,3,2,2500,6733,1,0,1979
440000,5,3,2730,6000,1,0,1979
705000,3,3,1970,20978,2,1,1980
164808,3,1,1250,5411,1,0,1980
545000,2,2,2930,14057,1,0,1980
235000,6,3,2180,7956,2,0,1980
491000,3,2,2005,7000,1,0,1980
307000,3,2,1790,7259,1,0,1980
525000,3,3,2470,36445,2,0,1980
385000,4,3,2740,10925,1,0,1980
478000,3,1,1440,7107,1,0,1980
208000,3,2,1250,7995,1,0,1980
256500,2,1,1120,9912,1,0,1980
325000,2,1,1100,17817,1,0,1980
275000,3,2,1910,8050,1,0,1980
490000,3,2,2220,10275,2,0,1980
250000,3,2,1430,7280,1,0,1980
525000,6,3,2880,7560,2,0,1980
119500,3,1,1170,11000,1,0,1980
510000,3,2,1420,11325,1,0,1980
420000,6,3,2290,6344,2,0,1980
176000,2,1,920,2332,1,0,1980
206000,3,1,1060,10350,1,0,1980
203000,2,1,1440,6650,1,0,1980
379500,3,1,1110,7128,1,0,1980
751000,6,3,2880,6800,2,0,1980
230000,6,3,2180,7220,2,0,1980
480000,2,1,820,4200,1,0,1980
375000,3,2,3120,42247,1,0,1980
411500,3,1,1110,7208,1,0,1980
240000,3,2,1220,17652,1,0,1980
415500,3,2,1220,17652,1,0,1980
870000,4,3,4500,21780,2,0,1980
160000,2,1,1140,23030,1,0,1980
230000,3,1,1360,9310,1,0,1980
317000,3,2,1790,8228,1,0,1980
495000,4,3,3620,403693,2,0,1980
624500,6,3,3030,31920,1,0,1980
230000,3,2,1410,10625,1,0,1980
183000,2,1,760,7272,1,0,1980
329950,3,1,1000,9170,1,0,1980
367500,4,2,1960,16015,1,0,1980
354000,3,2,1010,21340,1,0,1980
155000,2,1,810,4755,1,0,1980
190500,3,2,1390,10155,1,0,1980
217500,2,2,1070,8400,1,0,1980
560000,3,2,2870,95396,1,0,1980
253000,2,1,1310,7128,1,0,1980
262500,3,1,970,7854,1,0,1980
274000,2,2,1700,7992,1,0,1980
400000,3,2,1010,12252,1,0,1980
338000,5,2,1860,9000,2,0,1980
382500,2,1,1190,4440,1,0,1981
222000,3,2,1440,7187,1,0,1981
189950,2,1,1030,4188,1,0,1981
281000,2,1,930,2600,1,0,1981
289000,3,1,1090,7315,1,0,1981
211000,3,1,1410,47916,1,0,1981
277500,3,2,1260,22100,2,0,1981
950000,4,3,2980,44431,2,0,1981
389000,3,2,2080,12972,1,0,1981
589000,3,2,2360,118483,1,0,1981
405000,3,2,1660,8174,1,0,1981
490000,3,2,2070,10023,1,0,1981
165000,3,1,1380,7334,1,0,1981
280000,3,1,1370,11050,1,0,1981
299500,3,1,1190,9600,1,0,1981
393000,3,2,1320,10720,2,0,1981
275500,3,1,1060,7246,1,0,1981
410000,3,2,1400,45738,2,0,1981
355000,3,3,1850,9600,1,0,1981
508800,3,2,1720,10098,1,0,1981
555500,2,1,920,10000,1,0,1981
515000,5,3,2670,11761,1,0,1981
250000,2,1,990,10556,2,0,1981
745000,5,3,2400,10126,2,0,1981
425000,3,2,1500,8086,1,0,1981
315000,2,1,1010,7338,2,0,1981
350000,3,1,1010,9360,1,0,1981
525000,3,2,1640,15258,1,0,1981
675000,3,3,2980,28000,1,0,1981
280000,2,1,870,4025,1,0,1981
480000,4,3,2440,9664,2,0,1981
617450,3,2,1580,14398,1,0,1981
488500,3,2,1710,10959,1,0,1981
381800,4,2,1530,5250,1,0,1981
315000,3,2,1060,5750,1,0,1981
243800,3,1,1140,27760,1,0,1981
248000,3,1,1420,8800,1,0,1981
241000,3,1,1020,7538,1,0,1981
243500,3,3,2110,7794,1,0,1981
405000,2,1,1090,10481,1,0,1981
960000,4,3,4590,9150,2,0,1981
225000,2,1,910,9612,1,0,1981
905000,4,3,3370,47959,2,0,1981
170500,2,1,1060,7700,1,0,1981
335000,3,1,1350,14212,1,0,1981
430000,3,2,2350,12480,1,0,1981
257500,3,2,1300,9334,1,0,1981
231750,3,1,1020,7615,1,0,1981
218000,3,1,960,9633,1,0,1982
385000,3,2,1010,7380,1,0,1982
831000,4,3,2170,4000,2,0,1982
499000,4,3,2030,12675,2,0,1982
150000,2,1,720,212137,1,0,1982
370000,3,1,1320,7341,1,0,1982
424240,3,2,2080,12094,2,0,1982
589950,3,2,2080,12094,2,0,1982
489000,3,3,3700,10375,2,0,1982
300000,3,1,970,12300,1,0,1982
310000,3,2,2070,9195,1,0,1982
539000,3,2,2070,9195,1,0,1982
612000,3,3,1740,3700,1,0,1982
230000,5,2,1210,12538,2,0,1982
609000,6,3,2470,9267,2,0,1982
315000,3,1,1390,8333,1,0,1982
440000,3,2,1800,10950,1,0,1982
472500,3,2,1750,15500,1,0,1982
390000,3,2,1010,14183,1,0,1982
329900,3,2,1380,5198,1,0,1982
400000,4,2,2070,10800,2,0,1982
515000,3,3,2440,3202,2,0,1982
377000,4,2,1640,5014,1,0,1982
630000,6,3,2470,9328,2,0,1982
179950,2,1,1100,7323,1,0,1982
394250,3,2,2620,10107,1,0,1982
365500,3,2,1410,9600,1,0,1983
210000,3,2,1440,7210,1,0,1983
234000,3,1,1040,8128,1,0,1983
453000,3,2,1660,15050,1,0,1983
510000,3,2,1430,9250,1,0,1983
280000,3,1,1160,10881,1,0,1983
230000,2,2,1260,10200,1,0,1983
615000,3,2,1860,42800,1,0,1983
390000,4,3,2860,5724,1,0,1983
395000,4,3,1980,7931,1,0,1983
190000,3,1,950,7610,1,0,1983
195000,2,1,860,10400,1,0,1983
375000,3,2,1410,10078,1,0,1983
244000,3,2,1360,9688,1,0,1983
194000,3,1,1050,7577,1,0,1983
660000,3,2,2570,28500,1,0,1983
325000,2,2,970,5000,1,0,1983
229950,3,2,1410,7466,1,0,1983
498000,3,3,2360,2750,2,0,1983
440000,2,1,1280,12086,1,0,1983
239900,2,1,910,9000,1,0,1983
240000,3,2,1300,5000,1,0,1983
455000,5,2,1510,3000,2,0,1983
546000,3,3,1530,9999,1,0,1983
434900,3,2,1520,11067,1,0,1983
160000,2,1,1070,4200,1,0,1983
274950,3,2,1410,7265,1,0,1983
365000,3,2,2140,26600,1,0,1983
290000,2,2,1590,9375,1,0,1983
688000,3,3,3450,16200,2,0,1983
272000,3,3,2430,10500,1,0,1983
400000,3,1,1410,9704,1,0,1983
475000,2,2,1540,54450,2,0,1983
203700,3,2,1660,7958,1,0,1983
272500,3,2,1410,7622,1,0,1983
399950,4,2,2420,31465,1,0,1984
799000,4,3,2580,209523,2,0,1984
460000,4,2,2090,40419,1,0,1984
255000,2,1,960,28717,1,0,1984
540000,4,2,1990,29078,2,0,1984
740000,5,5,5774,31675,1,0,1984
235000,4,2,1570,9415,2,0,1984
353000,3,2,1210,14499,1,0,1984
465000,3,2,1430,7125,1,0,1984
405000,3,1,1330,15678,1,0,1984
400000,3,2,1230,11413,1,0,1984
250000,3,2,1170,7258,1,0,1984
400000,2,1,1180,10800,1,0,1984
595000,3,2,1530,6773,1,0,1984
204900,3,2,1390,8245,1,0,1984
433000,3,2,1920,7200,1,0,1984
390000,3,2,1510,10827,2,0,1984
200000,3,2,1010,7896,1,0,1984
259950,3,2,1010,7896,1,0,1984
725000,4,3,2420,12000,1,0,1984
599900,3,3,3030,35123,2,0,1984
495000,3,2,1340,2550,2,0,1984
897500,4,3,4370,217882,2,0,1984
325000,2,1,900,8374,1,0,1984
475000,3,2,1230,11502,1,0,1984
423500,3,2,1770,6000,1,0,1984
295000,2,2,1590,8000,1,0,1984
401000,3,2,1240,11172,1,0,1984
459800,3,2,1690,16061,1,0,1984
655000,4,3,2570,8022,1,0,1984
252000,3,2,1540,7210,2,0,1984
230000,3,2,1510,3413,2,0,1985
245000,3,2,1410,5760,1,0,1985
205000,3,2,1410,8384,1,0,1985
914600,4,3,3180,80837,2,0,1985
445000,2,2,1240,2500,2,0,1985
460000,3,2,1760,9055,2,0,1985
822000,3,2,2410,13300,2,0,1985
365000,2,2,1440,15000,1,0,1985
352500,3,1,1000,4171,1,0,1985
460000,3,2,1860,7232,1,0,1985
365000,2,1,960,223898,1,0,1985
463000,3,2,1590,5009,2,0,1985
289275,3,2,2860,24046,1,0,1985
250000,3,2,1660,13085,1,0,1985
344950,3,2,1330,7419,1,0,1985
271920,3,2,1410,10248,1,0,1985
805000,3,3,3910,19023,2,0,1985
335000,3,2,1410,44866,1,0,1985
313500,5,3,2240,94960,1,0,1985
490000,3,3,1730,2940,3,0,1985
239900,3,2,1410,7566,1,0,1985
840000,3,3,3570,6250,2,0,1985
245000,3,2,1440,7008,1,0,1985
237000,3,2,1210,6634,1,0,1985
539000,3,2,2260,9568,1,0,1985
560000,3,2,1860,13374,1,0,1985
632000,5,3,3520,36558,2,0,1985
379950,3,2,1080,5077,1,0,1985
381500,2,2,2160,35183,1,0,1985
525000,3,2,1790,11430,1,0,1985
832500,4,4,3430,35102,2,0,1986
580000,4,3,3280,11060,2,0,1986
338000,4,3,2090,7500,1,0,1986
950000,3,3,4040,14338,2,0,1986
429800,3,2,1970,7000,1,0,1986
560000,3,2,2560,216777,1,0,1986
242000,3,2,1260,8092,1,0,1986
259000,3,2,1870,5909,1,0,1986
230000,2,1,930,7550,1,0,1986
205500,3,2,1330,8748,1,0,1986
250000,4,3,2250,7882,2,0,1986
380000,2,2,1370,5756,1,0,1986
241000,3,2,1770,7000,1,0,1986
345000,3,2,1610,15005,1,0,1986
315500,3,2,1160,10079,1,0,1986
305000,3,1,1710,19115,1,0,1986
625000,3,2,1730,12219,1,0,1986
392800,3,2,1080,11856,1,0,1986
420000,3,3,2700,47050,2,0,1986
324500,2,1,1300,6617,1,0,1986
480000,3,2,1300,3000,2,0,1986
300000,3,2,1050,10072,1,0,1986
290000,3,2,1700,6498,1,0,1986
225000,3,2,1320,5665,1,0,1986
250000,3,2,1440,5457,2,0,1986
325000,3,2,1350,11805,1,0,1986
500000,5,3,3720,25474,2,0,1986
363000,4,3,2250,12142,2,0,1986
500000,3,2,1990,65340,2,0,1986
400000,3,2,2260,11305,1,0,1986
552500,5,3,2320,7229,1,0,1986
499950,3,2,1360,2500,1,0,1986
270000,3,2,2330,8000,1,0,1986
420000,3,1,1310,3963,1,0,1986
435000,3,2,1380,2500,1,0,1986
428000,3,2,1310,2550,1,0,1986
315000,3,1,1170,62290,2,0,1986
550000,4,3,4180,35169,2,0,1986
186950,2,2,1390,1302,2,0,1986
815000,4,2,1400,4800,2,0,1986
237500,3,2,1350,8960,1,0,1986
510000,3,2,1680,8080,1,0,1987
391500,3,2,1450,9132,1,0,1987
206600,3,2,1390,13464,1,0,1987
988000,4,3,4040,19700,2,0,1987
370000,3,2,1680,5036,1,0,1987
320000,3,1,1340,5175,1,0,1987
225000,3,1,1020,8437,1,0,1987
360000,2,2,1770,7607,1,0,1987
190000,3,2,1320,7625,1,0,1987
265000,3,2,1340,6783,1,0,1987
245000,3,2,1390,8250,1,0,1987
410000,3,2,1410,8088,1,0,1987
280000,3,2,1470,8089,1,0,1987
211000,3,2,1060,7412,1,0,1987
500000,3,2,2050,11454,1,0,1987
384000,6,3,2320,4502,1,0,1987
300000,3,2,1260,2550,2,0,1987
397500,3,2,2130,8225,1,0,1987
503000,3,2,1260,2500,1,0,1987
408000,3,2,1640,3440,2,0,1987
269950,3,2,1660,8641,2,0,1987
230000,3,2,1310,7332,1,0,1987
474950,3,2,2250,222156,1,0,1987
290000,3,2,1260,7346,1,0,1987
549900,4,3,2830,213879,2,0,1987
835000,4,2,3390,16025,2,0,1987
444000,3,2,1460,2610,2,0,1987
691000,4,3,3040,11651,2,0,1987
835000,4,3,4480,42717,2,0,1987
443000,4,3,2620,35124,2,0,1987
778000,3,3,2630,10156,1,0,1987
252500,3,2,1810,10684,2,0,1987
225000,3,1,1120,8407,1,0,1987
445000,3,2,1630,8702,1,0,1987
599000,3,2,2560,14680,1,0,1987
559900,5,3,2200,6380,1,0,1987
330000,3,2,1500,11233,1,0,1987
330000,3,3,2420,13959,1,0,1988
390000,4,3,2570,262018,1,0,1988
253000,3,2,1490,7651,1,0,1988
289000,3,2,1850,9550,1,0,1988
285000,4,3,1900,7194,2,0,1988
574000,3,2,2060,7000,1,0,1988
425000,3,2,1540,8011,1,0,1988
322000,3,2,1760,43575,1,0,1988
626000,3,2,2150,7200,1,0,1988
259000,3,2,1390,7120,1,0,1988
405000,3,2,1240,14404,1,0,1988
435000,3,2,1610,6911,1,0,1988
730000,3,3,3460,13129,2,0,1988
200000,3,2,1430,7905,1,0,1988
336000,3,3,1790,13350,1,0,1988
439000,5,2,2610,5009,1,0,1988
335000,3,3,2031,7702,2,0,1988
245000,3,3,1990,9600,1,0,1988
539000,3,2,1800,43995,2,0,1988
290000,3,2,1310,6265,1,0,1988
335000,2,2,1380,5840,1,0,1988
166000,1,1,1120,17332,1,0,1988
276000,3,2,1370,8137,1,0,1988
869000,4,3,3740,30884,2,0,1988
375000,4,2,1790,61419,2,0,1988
620000,3,2,2460,41343,1,0,1988
535000,3,2,2740,23505,2,0,1988
503000,3,2,2590,108900,2,0,1988
422500,3,2,1300,2250,2,0,1988
437500,3,2,1760,2875,2,0,1988
250500,3,2,1710,7225,2,0,1988
424000,3,2,1330,5632,1,0,1988
260000,3,3,2390,8993,2,0,1988
325000,3,2,1670,17071,1,0,1988
555000,3,3,2410,12183,2,0,1988
350000,3,2,1440,5469,1,0,1988
268000,4,3,1840,7510,2,0,1988
327500,3,1,1070,7140,1,0,1989
272000,3,2,1380,7476,1,0,1989
258500,3,2,1460,7930,1,0,1989
245000,3,2,1490,7929,1,0,1989
404000,4,3,4060,35621,1,0,1989
233000,3,2,1350,7686,1,0,1989
251000,3,2,1650,7930,1,0,1989
880000,3,2,2130,35169,1,0,1989
259950,4,2,1610,6650,1,0,1989
405000,3,2,1740,18000,1,0,1989
259500,3,2,1330,35060,1,0,1989
329000,3,2,1840,6755,1,0,1989
383610,3,2,1230,8450,1,0,1989
420000,3,2,1750,9239,1,0,1989
324000,3,2,1540,10931,1,0,1989
420000,4,2,2280,10319,1,0,1989
205000,3,2,1800,11419,1,0,1989
625000,4,3,2190,12825,1,0,1989
276750,3,2,1620,12482,1,0,1989
396900,3,2,1360,3120,2,0,1989
305000,3,2,1830,10873,1,0,1989
397500,4,3,2350,9952,1,0,1989
310000,5,3,2270,5001,1,0,1989
946000,4,3,3140,9058,1,0,1989
322500,3,2,1350,14200,1,0,1989
532170,3,2,1360,3090,2,0,1990
328500,4,3,2290,8250,2,0,1990
223000,3,2,1670,6824,1,0,1990
241000,3,2,1650,6000,1,0,1990
435000,3,2,2660,16677,1,0,1990
380000,3,2,1840,8580,1,0,1990
333800,5,3,1980,3868,1,0,1990
308550,3,2,1600,13200,1,0,1990
280000,3,2,1790,42399,1,0,1990
430000,4,3,3220,8936,2,0,1990
241400,3,2,1420,9828,1,0,1990
273000,2,2,1384,1822,2,0,1990
499922,3,2,1460,3000,1,0,1990
225000,3,2,1610,8400,1,0,1990
279900,3,2,1410,6600,1,0,1990
560000,4,3,3080,9601,2,0,1990
249000,2,2,1090,1357,2,0,1990
259900,3,2,1490,7770,1,0,1990
449950,4,3,3290,10783,2,0,1990
240000,3,2,1310,8069,1,0,1990
370000,5,3,2670,9920,1,0,1990
253000,3,2,1290,7372,1,0,1990
375000,5,3,2680,8410,2,0,1990
430000,2,2,1440,213008,2,0,1990
252000,3,2,1420,6788,2,0,1990
551000,2,2,2260,9604,1,0,1990
849900,2,2,2280,641203,2,0,1990
180000,3,1,1010,8863,1,0,1990
460000,3,2,2930,29136,2,0,1990
297950,3,2,1390,5127,1,0,1990
235000,3,2,1110,8724,1,0,1990
273000,4,3,1990,6180,2,0,1990
482500,4,3,1630,7626,1,0,1990
320900,3,2,1770,7251,1,0,1990
465000,5,3,2010,7264,1,0,1990
675000,4,4,3680,18804,2,0,1990
222500,3,2,1450,9044,2,0,1990
870000,4,2,3090,41147,1,0,1990
219000,3,2,1090,7350,1,0,1990
415000,4,4,2740,8250,2,0,1990
255000,3,2,1490,7599,1,0,1990
249900,3,2,1310,6738,1,0,1990
277500,4,2,1700,12048,2,0,1990
430000,4,3,1850,9976,2,0,1991
295000,3,2,1810,10530,1,0,1991
280000,6,3,2400,9373,2,0,1991
300000,6,3,2400,9373,2,0,1991
895000,3,2,2160,105415,1,0,1991
223000,3,2,1110,7231,1,0,1991
271900,3,2,1450,8771,2,0,1991
550000,3,2,3650,843309,2,0,1991
789000,3,3,3740,39640,2,0,1991
350000,3,2,1680,81893,1,0,1991
416500,4,2,2280,39848,2,0,1991
215000,3,2,1280,6994,1,0,1991
545000,4,3,3160,10948,1,0,1991
280000,3,2,1280,7633,1,0,1991
415000,4,3,1830,9548,2,0,1991
269500,3,2,1640,8395,1,0,1991
231200,3,2,1400,8821,1,0,1991
429000,3,2,1700,52826,1,0,1991
240000,3,2,1100,6360,1,0,1991
692500,4,3,2820,11500,2,0,1991
460000,4,3,2230,52983,2,0,1991
857000,4,3,3720,29043,2,0,1991
477500,3,2,1860,5146,2,0,1991
355000,3,2,1480,2502,2,0,1991
570000,3,3,2400,3192,2,0,1991
356000,2,1,1430,365904,1,0,1991
585000,3,2,2220,209523,1,0,1991
637000,5,3,2460,7240,1,0,1991
386000,3,2,2120,7560,1,0,1991
949000,4,3,4270,85643,2,0,1991
199000,3,1,1000,8512,1,0,1991
207200,4,2,1260,8400,1,0,1991
257500,3,2,1140,7078,1,0,1991
252500,3,2,1900,8002,1,0,1991
246500,3,2,1430,8919,1,0,1992
483000,3,3,2440,15540,2,0,1992
265900,3,2,1180,7793,1,0,1992
196440,3,2,1560,7352,1,0,1992
352500,3,2,1920,33630,1,0,1992
534000,5,2,2280,3600,2,0,1992
454000,3,2,1700,10000,2,0,1992
560000,4,3,2170,5764,2,0,1992
289950,3,2,1670,7757,1,0,1992
265000,3,2,1850,16535,1,0,1992
765000,3,3,3270,38088,2,0,1992
678500,4,3,2620,214750,2,0,1992
280000,2,1,990,45528,1,0,1992
342000,3,2,2250,7757,1,0,1992
254000,3,2,1470,7694,1,0,1992
460000,5,3,2008,5050,1,0,1992
287200,3,3,1850,19966,1,0,1992
230000,2,2,1340,7605,1,0,1992
355000,4,3,2580,9601,2,0,1992
575000,3,2,2690,435600,2,0,1992
560000,3,2,2090,15790,1,0,1992
154000,3,3,1530,9997,1,0,1992
254000,3,2,1480,7480,1,0,1992
323400,4,3,2060,9138,1,0,1992
337000,4,3,2240,8504,2,0,1992
520000,4,3,2190,5085,2,0,1992
406500,3,2,1780,8621,1,0,1992
510000,4,4,3530,10935,2,0,1992
270000,3,2,1820,7750,1,0,1992
635000,4,2,2260,8457,2,0,1992
265000,3,2,1320,8959,1,0,1993
314500,3,2,2050,13303,1,0,1993
363000,3,2,1750,7000,1,0,1993
677100,3,2,2110,9199,1,0,1993
390000,3,3,1490,2944,2,0,1993
653000,3,3,3040,5067,3,0,1993
340000,3,2,1410,10015,1,0,1993
589900,2,3,3160,66646,2,0,1993
289000,3,2,1680,8424,1,0,1993
256500,3,2,1320,8568,1,0,1993
315000,3,2,1300,3731,1,0,1993
539000,3,2,2350,209088,1,0,1993
199950,3,3,1530,2132,2,0,1993
510000,4,3,3610,18948,2,0,1993
289950,4,3,2040,5050,1,0,1993
311000,5,3,2020,5917,1,0,1993
315000,6,4,3120,4240,2,0,1993
305000,3,2,1680,8487,1,0,1993
305000,4,2,1780,5043,1,0,1993
241000,3,2,1520,7131,1,0,1993
784500,4,5,5820,13906,2,0,1993
395000,3,2,1890,14040,2,0,1994
465000,3,2,1840,40438,2,0,1994
249000,3,2,1360,6082,1,0,1994
267000,3,2,1300,9644,1,0,1994
190000,2,1,840,12252,1,0,1994
252000,3,2,1340,5670,2,0,1994
232000,3,2,1280,13356,1,0,1994
425000,3,2,1180,1800,2,0,1994
525000,5,3,2450,4591,2,0,1994
585000,3,2,3190,207346,2,0,1994
284000,4,3,2040,7145,1,0,1994
353000,3,2,1678,13862,1,0,1994
385000,4,3,2090,5102,1,0,1994
655000,6,5,2850,6600,2,0,1994
278000,3,2,1230,7789,1,0,1994
925000,3,3,2560,3600,2,0,1994
560000,3,3,4120,60392,2,0,1994
557500,3,2,2510,35255,1,0,1994
255000,3,2,1590,8670,1,0,1994
432000,3,2,2190,13673,1,0,1994
200000,3,2,1290,5757,1,0,1994
336500,3,2,1830,12891,1,0,1994
440000,4,2,2310,5004,1,0,1994
500000,3,2,1540,3600,1,0,1994
280000,4,2,1600,6861,1,0,1994
249900,3,2,1220,6404,1,0,1994
479900,3,2,1980,12150,1,0,1994
313100,3,2,1730,12821,1,0,1994
599950,6,3,2020,4129,1,0,1994
629500,3,2,2020,10584,1,0,1994
255000,3,2,1310,8454,1,0,1994
661000,3,2,1820,4418,2,0,1994
610000,4,3,2600,29539,1,0,1994
427000,3,2,1720,128066,1,0,1994
234950,3,2,1430,10850,1,0,1994
240000,3,2,1190,10299,1,0,1994
305000,3,2,1490,7697,1,0,1994
268000,3,2,1610,8416,1,0,1994
390000,3,3,2480,14141,1,0,1994
340000,3,2,1140,11620,1,0,1994
330000,3,2,2500,10697,1,0,1994
269000,3,2,1410,10577,1,0,1994
464950,3,2,2190,19800,1,0,1994
740000,3,2,2100,72745,1,0,1995
350000,3,2,1320,1298,3,0,1995
247500,3,2,1530,8749,1,0,1995
189000,3,2,1460,11481,1,0,1995
385000,3,2,1320,1297,3,0,1995
285000,3,2,1460,6377,1,0,1995
315000,4,2,2020,7767,1,0,1995
920000,4,3,3130,12381,2,0,1995
270000,3,2,1510,10215,1,0,1995
315000,3,2,1900,9513,1,0,1995
359999,5,3,2680,9624,2,0,1995
485000,4,3,3110,18843,2,0,1995
849000,3,3,2960,42159,2,0,1995
310000,3,2,1350,11150,1,0,1995
241500,3,2,1310,7349,1,0,1995
417500,5,3,2270,6664,1,0,1995
280000,3,2,1640,13249,1,0,1995
222400,3,2,1200,9566,1,0,1995
200000,3,2,1190,6833,1,0,1995
289999,3,2,1490,9285,1,0,1995
440000,3,2,1550,2401,2,0,1996
258000,3,2,1390,7200,1,0,1996
322500,3,2,1190,6445,1,0,1996
562000,5,3,2795,15101,2,0,1996
340000,2,2,1250,1178,2,0,1996
540500,3,2,2800,185130,1,0,1996
833450,5,4,4460,269345,2,0,1996
563000,4,3,3100,15480,2,0,1996
245000,3,2,1700,8448,1,0,1996
314950,3,2,1760,9732,1,0,1996
450000,3,2,1610,4364,2,0,1996
381000,3,2,1680,8946,1,0,1996
340000,3,2,1130,9879,2,0,1996
175000,2,1,830,2699,1,0,1996
413000,3,2,1520,3451,1,0,1996
839000,5,4,4280,11307,2,0,1996
250000,3,2,1590,8100,1,0,1996
275000,3,3,1590,7750,1,0,1997
515000,4,3,3590,8249,2,0,1997
330000,3,2,1400,218252,1,0,1997
337000,3,2,1690,9087,1,0,1997
799950,3,3,2900,11769,2,0,1997
445000,3,2,1540,67953,1,0,1997
369000,3,2,1340,1480,3,0,1997
265000,3,2,1690,9516,1,0,1997
367500,4,3,3110,7231,2,0,1997
320000,4,3,1820,3120,1,0,1997
296000,2,2,1320,2040,3,0,1997
400000,4,3,1810,5012,2,0,1997
715000,3,4,2080,2250,3,0,1997
780000,3,4,2080,2250,3,0,1997
252000,3,2,1370,7500,1,0,1997
282000,4,2,1890,6302,2,0,1997
310000,5,3,1880,5000,1,0,1997
342000,2,2,1320,1462,3,0,1997
470000,3,2,1730,38884,1,0,1997
767250,4,3,2170,2500,2,0,1997
364900,3,3,2500,8304,2,0,1997
230000,4,3,1680,6003,1,0,1997
278500,3,2,1570,5250,1,0,1998
290000,3,2,1760,6600,1,0,1998
449500,4,3,2580,7299,2,0,1998
272500,3,2,1540,6250,1,0,1998
865000,4,3,3690,9892,2,0,1998
612000,3,3,2330,10327,1,0,1998
265000,3,2,1570,5706,1,0,1998
216000,3,2,1260,4125,1,0,1998
719000,3,3,1833,1706,3,0,1998
362000,5,3,1810,3000,2,0,1998
400000,4,3,2320,13068,2,0,1998
237000,3,2,1290,7952,1,0,1998
440000,3,2,1860,217800,2,0,1998
469000,3,2,1300,22605,1,0,1998
342000,3,3,1260,1634,3,0,1998
285000,2,1,990,2446,2,0,1998
490500,3,2,3000,21883,2,0,1998
295000,3,2,1760,6092,1,0,1998
449500,6,4,2280,5275,1,0,1998
276000,3,2,1450,8928,1,0,1998
359950,3,2,1790,7212,1,0,1998
290000,2,1,900,2728,2,0,1998
250000,3,2,1140,11161,1,0,1998
505000,4,2,2730,12000,1,0,1998
365000,3,2,2030,8649,1,0,1998
244000,3,2,1350,8587,1,0,1998
688000,4,3,3400,292723,2,0,1998
399950,3,2,1590,87120,1,0,1998
677790,6,3,2800,4213,2,0,1998
361000,3,2,1950,8698,1,0,1999
400000,2,2,1520,5010,1,0,1999
790000,3,3,2840,206910,2,0,1999
310000,2,2,1030,2271,3,0,1999
430000,5,3,2500,5750,1,0,1999
620000,4,4,2850,2970,2,0,1999
690000,3,2,1770,1800,3,0,1999
340000,4,3,2380,20277,1,0,1999
950000,4,3,3230,438213,2,0,1999
770000,4,3,2800,9127,2,0,1999
379900,3,2,3110,44967,2,0,1999
419000,5,3,2190,9652,2,0,1999
699000,3,2,2010,4320,2,0,1999
360000,4,3,2580,6740,2,0,1999
726888,5,3,2970,7261,2,0,1999
307300,2,2,1520,1020,3,0,1999
360000,5,3,2480,7200,1,0,1999
660000,3,2,1770,2150,3,0,1999
269500,2,1,800,1200,2,0,1999
865000,4,4,2790,16117,2,0,1999
414000,5,3,3045,5030,2,0,1999
637500,4,3,2320,4468,2,0,1999
370000,4,3,2580,5511,2,0,1999
850000,3,2,2740,101930,1,0,1999
325000,3,2,1570,5600,1,0,1999
308625,2,2,1500,1408,3,0,1999
438000,2,2,1270,1372,3,0,2000
531000,2,3,1270,1175,2,0,2000
726000,5,3,2970,10335,2,0,2000
582000,4,3,1670,1189,3,0,2000
315000,1,1,580,7200,1,0,2000
700000,4,3,3150,7778,2,0,2000
870000,4,4,3610,12811,2,0,2000
695000,3,2,2632,18743,2,0,2000
680000,5,3,2970,6500,2,0,2000
860000,4,2,3740,32417,2,0,2000
370000,2,1,1270,1399,3,0,2000
362500,3,2,1940,40588,1,0,2000
340000,3,2,1150,700,2,0,2000
408000,3,3,1500,1473,2,0,2000
491000,3,2,1250,1306,3,0,2000
385000,3,2,1590,9912,2,0,2000
824000,2,1,1210,8400,1,0,2000
336000,1,1,1160,5000,2,0,2000
250000,4,3,1800,2500,2,0,2000
820000,3,3,3850,38830,2,0,2000
450000,3,2,1290,1213,3,0,2001
399000,4,3,3060,5000,2,0,2001
355000,4,3,2590,7213,2,0,2001
450000,2,3,1790,1709,2,0,2001
490000,4,3,2640,5267,2,0,2001
475000,3,3,2010,2554,2,0,2001
337000,4,2,1590,8779,1,0,2001
705000,4,3,3150,9318,2,0,2001
390000,3,3,1550,1608,2,0,2001
277000,4,3,1960,5160,1,0,2001
680000,4,3,3150,6175,2,0,2001
695000,4,3,3150,9130,2,0,2001
340000,3,2,1570,14992,1,0,2001
727000,4,3,3150,9703,2,0,2001
418000,3,2,1250,1306,3,0,2001
316000,1,2,1780,188465,2,0,2001
400000,3,3,2090,7634,1,0,2001
505000,3,2,1500,2500,2,0,2002
457000,4,3,2800,7845,2,0,2002
368000,2,2,930,1662,1,0,2002
342500,3,2,2080,11375,1,0,2002
660000,3,3,2260,1825,2,0,2002
444000,4,3,2800,7198,2,0,2002
380000,4,3,2800,9764,2,0,2002
590000,4,2,2490,339332,1,0,2002
285000,5,3,2110,5260,2,0,2002
425000,4,3,2430,5502,2,0,2002
494500,4,3,3760,8804,2,0,2002
395000,4,3,2500,6278,2,0,2002
835000,2,2,2280,6815,1,0,2002
640000,3,3,2270,5175,2,0,2002
357500,5,3,3270,9146,2,0,2002
343500,3,2,1660,7509,1,0,2002
651000,3,3,2260,1834,2,0,2002
391265,3,2,1440,3900,1,0,2002
400000,3,2,1860,12944,1,0,2002
373000,3,2,1400,2445,1,0,2002
500000,4,3,2520,4104,2,0,2002
230000,3,2,1450,11204,1,0,2003
209000,3,2,1230,1340,2,0,2003
554000,2,2,1920,6045,1,0,2003
428000,2,2,1350,4225,1,0,2003
342000,3,3,1260,1251,2,0,2003
269000,3,2,1210,7136,1,0,2003
449950,4,3,2800,6977,2,0,2003
335000,3,3,1430,1249,3,0,2003
701000,4,3,2910,8540,2,0,2003
600000,3,3,1520,1800,3,0,2003
673200,5,3,4180,8561,2,0,2003
390000,3,2,2360,5737,2,0,2003
412000,4,3,2430,7242,2,0,2003
542000,2,2,1930,4500,1,0,2003
370000,5,3,2220,5185,2,0,2003
559000,2,2,1660,4500,1,0,2003
900000,4,3,3810,217800,2,0,2003
260000,3,2,1630,8018,1,0,2003
490000,4,3,2330,3497,2,0,2003
380000,3,2,1470,1656,2,0,2003
500000,5,3,2920,11440,2,0,2003
650000,4,3,3720,57499,1,0,2003
359000,3,3,1320,1071,2,0,2003
380500,3,2,1270,1348,3,0,2003
376000,2,2,1340,1635,2,0,2003
579000,2,2,1870,6275,1,0,2003
549900,5,3,3610,7555,2,0,2003
937500,4,4,5545,871200,2,0,2003
375000,4,3,2420,9566,2,0,2003
292050,5,3,2840,7199,1,0,2003
390000,3,2,1463,868,3,0,2003
428000,2,2,1350,3900,1,0,2003
383150,3,2,2210,6387,1,0,2003
439950,3,2,1230,1613,2,0,2003
234000,2,2,1200,3624,2,0,2003
451000,5,3,2260,6508,1,0,2003
279000,3,2,1640,5650,1,0,2003
410000,4,3,2430,7243,2,0,2003
390000,2,1,670,11505,1,0,2003
495000,4,3,2740,2811,2,0,2003
395000,3,2,1500,2506,1,0,2003
398950,4,3,3000,10297,2,0,2003
409950,4,3,2430,7163,2,0,2003
420000,5,3,2150,6117,1,0,2003
250000,3,2,1470,2781,2,0,2003
310000,3,2,1310,1361,3,0,2003
535000,3,2,2120,4080,2,0,2003
439000,3,2,2010,251341,2,0,2003
320000,3,2,1420,1716,2,0,2003
540000,5,3,3610,9775,2,0,2003
810000,4,3,3990,7838,2,0,2003
380000,5,3,3450,9914,2,0,2004
720000,4,4,3200,7708,2,0,2004
350000,5,3,2520,5500,1,0,2004
219000,2,2,1310,2550,2,0,2004
445000,5,3,3880,7180,2,0,2004
575000,2,2,1680,6194,1,0,2004
765000,4,4,3010,7221,2,0,2004
570000,3,2,1400,1657,2,0,2004
230000,2,2,1300,3608,1,0,2004
222000,2,2,1360,3300,2,0,2004
790000,2,3,2560,982278,1,0,2004
695000,5,3,3290,14134,1,0,2004
372500,5,3,2480,10090,1,0,2004
500000,4,3,2450,4668,2,0,2004
519000,2,2,1560,4823,1,0,2004
390000,4,2,1900,76877,1,0,2004
554000,2,2,1670,4996,1,0,2004
367500,2,2,1030,600,2,0,2004
218000,2,2,1310,2841,2,0,2004
525000,3,2,1540,7800,1,0,2004
335000,2,2,1420,5185,1,0,2004
435000,2,2,1440,1170,2,0,2004
533000,3,3,1280,1085,3,0,2004
495000,2,2,1580,5203,1,0,2004
430000,5,3,3880,8432,2,0,2004
555000,5,3,3640,6930,2,0,2004
480000,2,2,1350,4220,1,0,2004
238000,3,2,1020,1204,2,0,2004
400000,2,2,1050,1173,2,0,2004
740000,4,3,3350,199253,2,0,2004
700000,4,3,3350,199253,2,0,2004
472000,3,2,2770,89298,2,0,2004
381000,2,2,1340,4447,1,0,2004
310000,3,2,1290,886,3,0,2004
380000,2,2,1120,780,2,0,2004
315000,4,3,2210,4191,2,0,2004
545400,3,2,2850,19200,1,0,2004
350000,4,3,2560,5606,2,0,2004
299000,3,2,1730,6007,1,0,2004
554000,2,2,1870,5580,1,0,2004
276000,2,1,870,2676,1,0,2004
564000,2,2,1690,4500,1,0,2004
548000,2,2,1370,1878,3,0,2004
453000,3,3,2330,4284,2,0,2004
875000,5,3,2960,15152,2,0,2004
479950,2,2,1510,6516,1,0,2005
515000,5,3,2530,5105,1,0,2005
195000,2,2,1180,2553,2,0,2005
431500,2,2,1370,4866,1,0,2005
267000,3,2,1390,6005,2,0,2005
634800,4,3,3280,4904,2,0,2005
360000,4,3,2483,6870,2,0,2005
670000,3,3,2980,3730,2,0,2005
310000,2,1,1050,2699,1,0,2005
376000,3,2,1540,1827,2,0,2005
241000,2,2,1470,3128,2,0,2005
538900,5,3,3040,6604,2,0,2005
315000,5,3,2110,10766,2,0,2005
285000,2,1,1050,3088,1,0,2005
439888,2,2,1300,6515,1,0,2005
249000,3,1,1752,14626,2,0,2005
402000,3,2,1540,1827,2,0,2005
879000,4,3,3590,89640,2,0,2005
615000,3,3,1420,991,2,0,2005
215000,2,2,1180,2521,2,0,2005
572000,2,2,1870,5143,1,0,2005
209900,2,2,1180,3003,2,0,2005
349950,5,3,2257,10117,1,0,2005
370000,2,2,2100,58488,2,0,2005
344000,2,2,1300,4659,1,0,2005
341950,5,3,3070,5252,2,0,2005
249900,2,2,1470,2541,2,0,2005
960000,5,4,3720,15200,2,0,2005
331000,4,3,2483,5701,2,0,2005
548050,2,2,1930,5479,1,0,2005
473000,3,3,1380,1081,3,0,2005
370000,4,3,2490,5706,2,0,2005
480000,6,5,3028,18055,2,0,2005
360000,2,1,880,1165,2,0,2005
441000,2,1,1290,1289,2,0,2005
790000,4,3,5370,69848,2,0,2005
552100,3,3,1330,1379,2,0,2005
517534,2,1,833,143947,1,0,2006
408000,2,2,1200,3900,1,0,2006
539950,5,3,3100,5250,2,0,2006
509000,2,2,1560,4675,1,0,2006
530000,2,2,1680,4950,1,0,2006
495000,5,3,2440,4750,1,0,2006
405000,2,3,1410,1240,2,0,2006
559950,2,2,1870,4950,1,0,2006
280000,3,3,1390,1080,2,0,2006
559000,2,2,1930,5520,1,0,2006
585000,4,3,3400,5100,2,0,2006
457000,2,2,1440,9985,1,0,2006
448175,2,2,1370,1339,2,0,2006
248000,4,3,2163,5883,2,0,2006
738000,3,3,2630,4896,2,0,2006
412250,2,2,1300,2983,1,0,2006
592350,2,2,1570,4665,1,0,2006
592500,2,2,1870,4751,1,0,2006
450000,2,2,1510,4908,1,0,2006
398000,2,2,1300,3865,1,0,2006
589000,3,3,1720,954,3,0,2006
389000,2,2,1200,7131,1,0,2006
249950,3,3,1790,2003,2,0,2006
731688,4,3,2630,5772,2,0,2006
640000,3,3,1560,1466,3,0,2006
625000,3,3,1820,1641,3,0,2006
458000,3,4,1390,1569,2,0,2006
731781,3,3,2630,4972,2,0,2006
600000,3,3,3530,8345,2,0,2006
909500,4,4,4420,5940,2,0,2006
210000,3,2,1580,4961,2,0,2006
360000,3,2,1270,1323,3,0,2006
459000,3,3,2440,2076,2,0,2006
270000,3,2,1300,1920,2,0,2006
767450,3,2,1630,7599,1,0,2006
437000,3,3,1460,1180,3,0,2006
300000,6,3,2744,9926,2,0,2006
306500,2,1,840,892,2,0,2006
445000,3,2,1620,5101,1,0,2006
330675,4,3,1930,3031,1,0,2006
275000,3,3,1390,1080,2,0,2006
765000,4,3,4410,5104,2,0,2006
369950,3,2,1270,1320,3,0,2006
401000,3,2,1270,1333,3,0,2006
575000,3,3,1384,1287,2,0,2006
427005,3,3,1460,1200,3,0,2006
339950,2,1,820,681,3,0,2006
598500,3,3,1560,2091,3,0,2006
346000,3,2,1060,1184,2,0,2006
553000,2,2,1400,1512,2,0,2006
785500,4,4,3280,8448,2,0,2007
495000,6,5,3440,4500,2,0,2007
219500,1,1,820,1060,1,0,2007
389000,2,2,1340,4122,1,0,2007
420250,3,2,1510,3657,1,0,2007
688000,4,4,4000,9309,2,0,2007
497000,3,3,2060,1850,2,0,2007
300000,5,3,1940,6355,1,0,2007
539950,2,2,1670,3507,1,0,2007
625000,5,1,3240,5324,2,0,2007
600000,3,2,2540,237402,1,0,2007
410000,2,2,1350,3926,1,0,2007
540000,3,2,1470,1691,2,0,2007
454450,4,3,2810,6000,2,0,2007
630000,3,3,1880,2200,2,0,2007
449400,4,3,2490,5064,2,0,2007
194000,1,1,820,1060,1,0,2007
440000,3,2,1790,32379,1,0,2007
725000,2,1,2410,5930,2,0,2007
413800,3,2,1440,4421,1,0,2007
405000,3,2,1060,651,3,0,2007
340000,3,2,1920,5688,1,0,2007
442000,4,4,4168,8485,2,0,2007
585000,4,3,2110,1286,2,0,2007
230000,3,2,1160,1174,2,0,2007
437000,2,3,1460,1452,2,0,2007
302860,2,1,970,3279,2,0,2007
405000,2,3,1160,1073,2,0,2007
588000,5,3,3110,4464,2,0,2007
405000,2,2,1405,1073,2,0,2007
355000,3,2,1220,1186,3,0,2007
298450,5,3,2100,9752,1,0,2007
799000,3,2,2550,4794,2,0,2007
540000,5,3,2870,4369,2,0,2007
411000,2,2,1130,1148,2,0,2007
850000,4,3,3070,7150,2,0,2007
900000,5,6,7120,40806,2,0,2007
556000,3,3,1960,1168,2,0,2007
380950,2,2,1120,1039,2,0,2007
412500,3,2,1680,5246,1,0,2007
590000,3,3,1740,1100,3,0,2007
435000,3,2,1980,2674,3,0,2007
420000,1,2,1070,675,2,0,2007
750000,5,4,4500,8130,2,0,2007
259950,2,2,1070,649,2,0,2008
305000,2,1,1290,3140,2,0,2008
275000,3,2,1380,4500,1,0,2008
259950,2,2,1070,649,2,0,2008
300000,2,1,1290,2482,2,0,2008
265000,2,1,1290,2828,2,0,2008
605000,3,3,1760,2114,2,0,2008
362764,3,2,1460,4350,2,0,2008
321500,1,1,730,1942,1,0,2008
560000,2,2,1680,4647,1,0,2008
935000,4,3,3680,7105,2,0,2008
427500,2,2,1090,934,3,0,2008
333000,4,2,2750,9001,1,0,2008
380000,3,2,1440,3218,1,0,2008
291000,2,1,840,863,3,0,2008
304500,4,2,1350,942,3,0,2008
293467,4,2,1590,942,3,0,2008
288790,4,2,1390,745,3,0,2008
305000,3,3,1290,1112,3,0,2008
545000,5,4,1680,7268,1,0,2008
659950,5,3,3010,7357,2,0,2008
366750,3,3,1571,2017,3,0,2008
670000,2,2,1500,761,3,0,2008
399000,2,2,1110,1155,3,0,2008
305000,2,1,1290,3383,2,0,2008
459000,2,2,1480,804,3,0,2008
376000,3,2,1340,1384,3,0,2008
256950,2,2,1070,635,2,0,2008
560000,4,3,2720,7570,2,0,2008
515000,3,3,2100,2409,2,0,2008
357500,3,3,1730,1442,2,0,2008
529000,2,2,1540,9714,2,0,2008
302059,4,2,1390,745,3,0,2008
288790,4,2,1350,942,3,0,2008
353000,1,1,550,1279,2,0,2008
504600,5,3,2360,5000,1,0,2008
649500,4,3,3150,6599,2,0,2008
406000,2,2,1110,1095,3,0,2008
710200,4,3,1670,2642,2,0,2008
363000,2,2,920,1201,2,0,2009
247300,2,2,1140,1118,2,0,2009
305000,4,2,2470,1831,2,0,2009
440000,1,1,1160,64469,1,0,2009
503045,3,3,1560,2250,2,0,2009
510000,3,3,1320,1012,3,0,2009
910000,5,3,2640,5096,2,0,2009
540000,5,3,2570,5590,1,0,2009
280000,3,2,1020,889,2,0,2009
935000,5,3,2700,5001,2,0,2009
421500,4,3,2793,5703,2,0,2009
385000,4,2,2340,9716,1,0,2009
399000,3,3,1520,1884,3,0,2009
399950,3,3,1860,2875,2,0,2009
349950,3,2,1640,4714,1,0,2009
455000,2,2,1190,1303,2,0,2009
399950,3,3,1296,1051,3,0,2009
715000,5,3,3490,6091,2,0,2009
327000,3,3,1370,1001,3,0,2009
253101,3,2,1239,6036,1,0,2009
325000,1,1,730,1942,1,0,2009
975000,5,3,2620,5477,2,0,2009
798500,3,3,1950,1833,3,0,2009
343000,6,5,2732,7655,2,0,2009
370000,2,1,780,1133,2,0,2009
785000,3,3,1950,1983,3,0,2009
369500,3,2,1108,1128,3,0,2009
272000,4,2,1870,6551,1,0,2009
580000,3,2,1870,5300,1,0,2009
327000,2,2,1490,1627,2,0,2009
589000,2,2,1850,4667,1,0,2010
447000,2,1,980,1600,2,0,2010
260000,4,3,1530,8306,2,0,2010
445000,3,3,1970,24318,1,0,2010
399000,3,2,2100,31550,1,0,2010
439950,2,2,1440,4666,1,0,2010
392137,3,2,1460,3696,2,0,2010
342000,3,2,1640,4802,1,0,2010
485000,2,2,1510,3961,1,0,2010
300000,4,3,1984,4419,2,0,2010
300000,3,2,1451,7159,1,0,2010
375900,3,2,1824,7120,1,0,2010
630000,4,3,3640,5096,2,0,2010
295000,3,2,1230,3405,1,0,2010
438000,2,1,980,1179,2,0,2010
870000,4,3,2940,7108,2,0,2011
825000,5,3,3070,8474,2,0,2011
465000,5,4,3210,7200,2,0,2011
950000,4,4,5635,9695,2,0,2011
394950,2,1,1131,1304,3,0,2011
441000,3,2,1720,15000,1,0,2011
348000,3,2,2360,6145,1,0,2011
605000,5,4,3040,6000,2,0,2011
950000,5,4,4100,8120,2,0,2011
525000,4,3,2650,4924,2,0,2011
403000,2,1,894,1552,2,0,2011
249000,3,2,1260,1125,2,0,2011
535000,3,3,2640,5978,2,0,2012
458500,3,2,1890,1599,2,0,2012
980000,5,4,3460,5400,2,0,2012
590000,5,3,3480,6625,2,0,2012
394000,2,2,1750,2731,2,0,2012
280000,4,3,2460,9606,1,0,2012
467000,3,2,1840,3432,2,0,2012
565000,5,3,2560,12480,1,0,2012
292000,4,3,1984,4460,2,0,2012
390000,2,1,962,1992,2,0,2012
432500,3,3,2500,6000,2,0,2012
530000,4,3,2290,5105,2,0,2012
479950,3,2,2260,7163,1,0,2012
395000,4,3,2750,7965,2,0,2012
474950,3,3,1530,1568,3,0,2012
598800,6,4,4470,17877,3,0,2013
330000,5,3,2100,7715,1,0,2013
445000,5,3,2420,11250,2,0,2013
155000,3,1,1300,6098,1,0,2013
427874,3,3,2340,5002,2,0,2013
455000,2,2,1350,1209,3,0,2013
895000,4,3,3240,5562,2,0,2013
420000,5,3,2630,3149,2,0,2013
459000,4,3,2530,10000,2,0,2013
799900,4,4,3650,18223,2,0,2013
664950,5,3,3190,7081,1,0,2013
716000,3,3,1660,1849,3,0,2013
312891,5,3,2300,8214,2,0,2013
594866,3,3,2780,6000,2,0,2013
625000,3,3,2780,6000,2,0,2013
680000,2,2,1450,989,3,0,2014
500000,3,2,1560,1156,3,0,2014
570000,2,2,1140,690,2,0,2014
559950,5,3,2730,9519,1,0,2014
657000,2,3,1570,1281,3,0,2014
949990,4,4,3970,7314,2,0,2014
515000,3,2,1560,1020,3,0,2014
429900,3,2,1490,1286,3,0,2014
459000,3,2,1480,800,2,0,2014
566950,3,3,1730,1902,3,0,2014
370228,4,3,2050,4000,2,0,2014
347500,5,3,2230,6551,1,0,2014
479349,5,3,3223,6371,2,0,2014
700000,2,2,1490,713,3,0,2014
479950,3,2,1820,1358,3,0,2014
610000,2,2,1210,740,2,0,2014
859950,6,4,3180,6551,2,0,2014
256703,3,2,1670,4441,1,0,2014
469950,3,2,1820,1357,3,0,2014
699999,2,2,1460,1085,2,0,2014
639983,5,3,2800,5700,2,0,2014
274900,3,2,1936,6612,2,0,2014
246950,3,3,1670,4440,1,0,2014
577450,3,3,1730,1755,3,0,2014
549900,3,2,1280,960,2,0,2014
353500,4,3,2050,4000,2,0,2014
589410,3,3,2840,7201,2,0,2014
372000,3,2,1330,1042,2,0,2014
469950,5,3,3223,6371,2,0,2014
249950,3,2,1670,4438,1,0,2014
519995,4,3,2590,6160,2,0,2014
334950,5,3,2230,8642,1,0,2014
462500,6,3,2390,4000,2,0,2014
610950,3,3,1680,1570,3,0,2014
429000,3,2,1490,1126,3,0,2014
597326,4,4,3570,8250,2,0,2015
350000,3,2,1380,3600,3,0,2015
649000,3,2,1530,1442,3,0,2015
559000,2,3,1650,960,3,0,2015
